,F1_score,MAE,MedAE,MPE,accuracy,precision,recall
summary,0.5111797359230723,17.76923076923077,15.0,-0.47088114489467514,0.3433454986186698,0.7127142876353452,0.3984966517452825
