,F1_score,MAE,MedAE,MPE,accuracy,precision,recall
summary,0.6971042540546547,24.333333333333332,21.0,0.6981191542248716,0.5350422366671058,0.5637132642560065,0.9131921304223305
