,F1_score,MAE,MedAE,MPE,accuracy,precision,recall
summary,0.6642231200710264,12.76923076923077,10.0,-0.1347084529052894,0.4972560388276406,0.7162057579401123,0.6192757216160482
