,F1_score,MAE,MedAE,MPE,accuracy,precision,recall
summary,0.726313016775206,19.923076923076923,15.0,0.5074386020744729,0.570244515600124,0.6118915674664945,0.8933698609912092
