,F1_score,MAE,MedAE,MPE,accuracy,precision,recall
summary,0.07860943478165622,35.23076923076923,33.0,-0.9489427374553363,0.04091278275467287,0.6853967932944574,0.04169580198509775
