,F1_score,MAE,MedAE,MPE,accuracy,precision,recall
summary,0.6587667914066304,31.256410256410255,23.0,0.9524192581795526,0.49116498695817273,0.5097307224061667,0.930963820257129
