,F1_score,MAE,MedAE,MPE,accuracy,precision,recall
summary,0.7478861585429637,12.179487179487179,10.0,0.20683396652793468,0.5972988507759626,0.6901735894950349,0.8161313628630465
