,F1_score,MAE,MedAE,MPE,accuracy,precision,recall
summary,0.742473111678976,16.025641025641026,11.0,0.3625915411070905,0.5904232494545562,0.6486212213374764,0.8680793793032268
