,F1_score,MAE,MedAE,MPE,accuracy,precision,recall
summary,0.7331105464143503,11.384615384615385,9.0,0.04517653865349765,0.5786697050318347,0.7177474016061548,0.7491457627164985
