,F1_score,MAE,MedAE,MPE,accuracy,precision,recall
summary,1.3651858495756318e-06,37.46153846153846,37.0,-0.9983973997067482,6.82593390721235e-07,0.0004997501249375313,6.835265321076335e-07
