,F1_score,MAE,MedAE,MPE,accuracy,precision,recall
summary,1.3670521297988657e-06,37.51282051282051,37.0,-0.9999999637592322,6.835265321076335e-07,1.0,6.835265321076335e-07
