,F1_score,MAE,MedAE,MPE,accuracy,precision,recall
summary,1.366118352297333e-06,37.48717948717949,37.0,-0.9991986817329902,6.830596427188233e-07,0.0009990009990009992,6.835265321076335e-07
